iter	Logloss
0	0.6890837869
1	0.6850448472
2	0.6808857934
3	0.6770093633
4	0.673345215
5	0.6693409207
6	0.6654107292
7	0.6614682352
8	0.6574380347
9	0.6535944263
10	0.6499388574
11	0.6463427264
12	0.642700562
13	0.6390676349
14	0.6355471967
15	0.6321104047
16	0.6283306539
17	0.6247972626
18	0.6210663183
19	0.6175539669
20	0.6140073944
21	0.6102487401
22	0.6066093558
23	0.6028643275
