{
  "objective": "binary",
  "metric": "auc",
  "verbosity": -1,
  "boosting_type": "gbdt",
  "scale_pos_weight": 1.0,
  "lambda_l1": 0.04517778689409139,
  "lambda_l2": 9.695998315685959,
  "learning_rate": 0.0981671869084374,
  "num_leaves": 182,
  "feature_fraction": 0.9536349519282109,
  "bagging_fraction": 0.6198833174062659,
  "max_depth": 45,
  "min_child_samples": 37
}
