{"random_state": 42, "seed": 42, "objective": "binary", "metric": "auc", "verbosity": -1, "boosting_type": "gbdt", "feature_pre_filter": false, "lambda_l1": 3.3455750830734123, "lambda_l2": 7.543667451748205, "learning_rate": 0.09765109340474251, "num_leaves": 310, "feature_fraction": 0.7226996944471461, "bagging_fraction": 0.33090649504656366, "max_depth": 16, "early_stopping_rounds": 104}