{"random_state": 42, "seed": 42, "objective": "binary", "metric": "auc", "verbosity": -1, "boosting_type": "gbdt", "feature_pre_filter": false, "lambda_l1": 0.38180641179163016, "lambda_l2": 1.5542571977776392, "learning_rate": 0.09977941649555266, "num_leaves": 115, "feature_fraction": 0.5483650116220544, "bagging_fraction": 0.6673196584995832, "max_depth": 14, "min_child_samples": 24, "early_stopping_rounds": 98}