{"random_state": 42, "seed": 42, "objective": "binary", "metric": "auc", "verbosity": -1, "boosting_type": "gbdt", "feature_pre_filter": false, "lambda_l1": 2.3594513406306246, "lambda_l2": 6.965190768221638, "learning_rate": 0.09571564695433914, "num_leaves": 149, "feature_fraction": 0.6885709725735042, "bagging_fraction": 0.45931884333326667, "max_depth": 78, "min_child_samples": 96, "early_stopping_rounds": 125}