{"random_state": 42, "seed": 42, "objective": "binary", "metric": "auc", "verbosity": -1, "boosting_type": "gbdt", "feature_pre_filter": false, "lambda_l1": 9.5715791122173, "lambda_l2": 8.90360854610083, "learning_rate": 0.08983753009598978, "num_leaves": 174, "feature_fraction": 0.9122367905309567, "bagging_fraction": 0.530123085297761, "max_depth": 13, "early_stopping_rounds": 122}