{"random_state": 42, "seed": 42, "objective": "binary", "metric": "auc", "verbosity": -1, "boosting_type": "gbdt", "feature_pre_filter": false, "lambda_l1": 1.4452646864588927, "lambda_l2": 1.6969451613974514e-06, "learning_rate": 0.09965945502644394, "num_leaves": 250, "feature_fraction": 0.6001682926587358, "bagging_fraction": 0.7507981947638088, "max_depth": 24, "early_stopping_rounds": 66}