{"random_state": 42, "seed": 42, "objective": "binary", "metric": "auc", "verbosity": -1, "boosting_type": "gbdt", "feature_pre_filter": false, "lambda_l1": 1.1504463312206714, "lambda_l2": 6.560047824258418, "learning_rate": 0.09729804511814917, "num_leaves": 200, "feature_fraction": 0.6355817688709147, "bagging_fraction": 0.782242270238901, "max_depth": 53, "min_child_samples": 93, "early_stopping_rounds": 172}