{"random_state": 42, "seed": 42, "objective": "binary", "metric": "auc", "verbosity": -1, "boosting_type": "gbdt", "feature_pre_filter": false, "lambda_l1": 0.01588233179911656, "lambda_l2": 0.0007914258909163427, "learning_rate": 0.032399042787974154, "num_leaves": 210, "feature_fraction": 0.5945867116165595, "bagging_fraction": 0.21150784418716223, "max_depth": 22, "early_stopping_rounds": 126}