{"random_state": 42, "seed": 42, "objective": "binary", "metric": "auc", "verbosity": -1, "boosting_type": "gbdt", "feature_pre_filter": false, "lambda_l1": 0.00019474772387404789, "lambda_l2": 0.0001514253700164735, "learning_rate": 0.08537029783950338, "num_leaves": 198, "feature_fraction": 0.773622617224669, "bagging_fraction": 0.993380726108455, "max_depth": 10, "early_stopping_rounds": 82}