{
  "objective": "binary",
  "metric": "auc",
  "verbosity": -1,
  "boosting_type": "gbdt",
  "lambda_l1": 0.8466810355372669,
  "lambda_l2": 0.01593048667772302,
  "learning_rate": 0.09597962129256407,
  "num_leaves": 187,
  "feature_fraction": 0.6137767168868145,
  "bagging_fraction": 0.6558084527671791,
  "max_depth": 19,
  "min_child_samples": 47
}
