{"random_state": 42, "seed": 42, "objective": "binary", "metric": "binary_logloss", "verbosity": -1, "boosting_type": "gbdt", "feature_pre_filter": false, "lambda_l1": 7.116263247063991, "lambda_l2": 7.438576036597963, "learning_rate": 0.09841821921830764, "num_leaves": 175, "feature_fraction": 0.5962493285671069, "bagging_fraction": 0.4556258714012919, "max_depth": 25, "early_stopping_rounds": 64}