{"random_state": 42, "seed": 42, "objective": "binary", "metric": "binary_logloss", "verbosity": -1, "boosting_type": "gbdt", "feature_pre_filter": false, "lambda_l1": 4.053665530016769, "lambda_l2": 7.887864218688007, "learning_rate": 0.0768852177981631, "num_leaves": 69, "feature_fraction": 0.8939598709071227, "bagging_fraction": 0.31508471917619435, "max_depth": 9, "early_stopping_rounds": 160}