{"random_state": 42, "seed": 42, "objective": "binary", "metric": "auc", "verbosity": -1, "boosting_type": "gbdt", "feature_pre_filter": false, "lambda_l1": 1.8785781882098889, "lambda_l2": 1.000361388000629, "learning_rate": 0.09965544546961366, "num_leaves": 119, "feature_fraction": 0.8149343379007603, "bagging_fraction": 0.4536741265595804, "max_depth": 20, "min_child_samples": 20, "early_stopping_rounds": 195}