{"random_state": 42, "seed": 42, "objective": "binary", "metric": "binary_logloss", "verbosity": -1, "boosting_type": "gbdt", "feature_pre_filter": false, "lambda_l1": 4.16282752174321, "lambda_l2": 5.216287319019338, "learning_rate": 0.09777790229238752, "num_leaves": 231, "feature_fraction": 0.6364405242256359, "bagging_fraction": 0.7187026932458023, "max_depth": 8, "early_stopping_rounds": 198}