{
  "objective": "binary",
  "metric": "auc",
  "verbosity": -1,
  "boosting_type": "gbdt",
  "is_unbalance": true,
  "lambda_l1": 0.00034471697562715297,
  "lambda_l2": 3.984764383151407,
  "num_leaves": 221,
  "feature_fraction": 0.49974456419781604,
  "bagging_fraction": 0.7287592804977505,
  "max_depth": 29,
  "min_child_samples": 87
}
