{"random_state": 42, "seed": 42, "objective": "binary", "metric": "auc", "verbosity": -1, "boosting_type": "gbdt", "feature_pre_filter": false, "lambda_l1": 0.012561956073603931, "lambda_l2": 1.0345113888622186e-08, "learning_rate": 0.08892474672266926, "num_leaves": 237, "feature_fraction": 0.8189340906758737, "bagging_fraction": 0.9404714579535091, "max_depth": 12, "min_child_samples": 64, "early_stopping_rounds": 109}