{"random_state": 42, "seed": 42, "objective": "binary", "metric": "auc", "verbosity": -1, "boosting_type": "gbdt", "feature_pre_filter": false, "lambda_l1": 3.5089894274108835e-05, "lambda_l2": 3.821286994369271e-08, "learning_rate": 0.03635940048584754, "num_leaves": 207, "feature_fraction": 0.9847810413986808, "bagging_fraction": 0.7858981790099724, "max_depth": 39, "early_stopping_rounds": 109}