{
  "random_state": 42,
  "seed": 42,
  "objective": "binary",
  "metric": "auc",
  "verbosity": -1,
  "boosting_type": "gbdt",
  "feature_pre_filter": false,
  "lambda_l1": 2.4872966904642744,
  "lambda_l2": 5.355634065995151,
  "learning_rate": 0.0870452447666313,
  "num_leaves": 292,
  "feature_fraction": 0.3860247798304967,
  "bagging_fraction": 0.3063664926838343,
  "max_depth": 18,
  "early_stopping_rounds": 131
}
