{
  "random_state": 42,
  "seed": 42,
  "objective": "binary",
  "metric": "binary_logloss",
  "verbosity": -1,
  "boosting_type": "gbdt",
  "feature_pre_filter": false,
  "lambda_l1": 4.568694916963563,
  "lambda_l2": 9.725405323430522,
  "learning_rate": 0.09928803687215425,
  "num_leaves": 212,
  "feature_fraction": 0.839578962725633,
  "bagging_fraction": 0.20894359190986184,
  "max_depth": 10,
  "early_stopping_rounds": 157
}
