{
  "random_state": 42,
  "seed": 42,
  "objective": "binary",
  "metric": "auc",
  "verbosity": -1,
  "boosting_type": "gbdt",
  "n_jobs": 4,
  "lambda_l1": 6.461135625624878e-7,
  "lambda_l2": 6.651180249247428e-8,
  "learning_rate": 0.09209661105198683,
  "num_leaves": 236,
  "feature_fraction": 0.73848971749191,
  "bagging_fraction": 0.9294483711211918,
  "max_depth": 87,
  "min_child_samples": 94
}
