{"random_state": 42, "seed": 42, "objective": "binary", "metric": "auc", "verbosity": -1, "boosting_type": "gbdt", "feature_pre_filter": false, "lambda_l1": 2.7405894191059175, "lambda_l2": 6.29074618952295, "learning_rate": 0.09356451309049983, "num_leaves": 174, "feature_fraction": 0.9917690013467673, "bagging_fraction": 0.4554111301702561, "max_depth": 31, "early_stopping_rounds": 147}