{"random_state": 42, "seed": 42, "objective": "binary", "metric": "binary_logloss", "verbosity": -1, "boosting_type": "gbdt", "feature_pre_filter": false, "lambda_l1": 1.8135481457540719, "lambda_l2": 3.7892003795475473, "learning_rate": 0.0020728464919830087, "num_leaves": 223, "feature_fraction": 0.28390223398676373, "bagging_fraction": 0.8671136113110665, "max_depth": 11, "early_stopping_rounds": 71}