{"random_state": 42, "seed": 42, "objective": "binary", "metric": "binary_logloss", "verbosity": -1, "boosting_type": "gbdt", "feature_pre_filter": false, "lambda_l1": 2.4401801369551723, "lambda_l2": 6.4731461033507856, "learning_rate": 0.0998479703808044, "num_leaves": 60, "feature_fraction": 0.9803292967289702, "bagging_fraction": 0.5772939901390987, "max_depth": 9, "early_stopping_rounds": 165}