{"random_state": 42, "seed": 42, "objective": "binary", "metric": "binary_logloss", "verbosity": -1, "boosting_type": "gbdt", "feature_pre_filter": false, "lambda_l1": 2.315208814073804, "lambda_l2": 4.887779490254708, "learning_rate": 0.09984357357786708, "num_leaves": 83, "feature_fraction": 0.9272260782149566, "bagging_fraction": 0.2764165026626526, "max_depth": 13, "early_stopping_rounds": 72}