{"random_state": 42, "seed": 42, "objective": "binary", "metric": "binary_logloss", "verbosity": -1, "boosting_type": "gbdt", "feature_pre_filter": false, "lambda_l1": 2.843952590893883, "lambda_l2": 5.049045267000579, "learning_rate": 0.08462074709019768, "num_leaves": 157, "feature_fraction": 0.5966968255600069, "bagging_fraction": 0.6109126033322603, "max_depth": 15, "early_stopping_rounds": 85}