{"random_state": 42, "seed": 42, "objective": "binary", "metric": "binary_logloss", "verbosity": -1, "boosting_type": "gbdt", "feature_pre_filter": false, "lambda_l1": 6.0921316908832654, "lambda_l2": 7.558442022896772, "learning_rate": 0.09831039793067461, "num_leaves": 218, "feature_fraction": 0.9843849544969975, "bagging_fraction": 0.42213680133975195, "max_depth": 26, "early_stopping_rounds": 51}