{"random_state": 42, "seed": 42, "objective": "binary", "metric": "auc", "verbosity": -1, "boosting_type": "gbdt", "feature_pre_filter": false, "lambda_l1": 0.18674172521811971, "lambda_l2": 6.330008802865986, "learning_rate": 0.05701873216153894, "num_leaves": 202, "feature_fraction": 0.8967050071787237, "bagging_fraction": 0.90958159324889, "max_depth": 30, "min_child_samples": 81, "early_stopping_rounds": 65}