{
  "random_state": 42,
  "seed": 42,
  "objective": "binary",
  "metric": "auc",
  "verbosity": -1,
  "boosting_type": "gbdt",
  "feature_pre_filter": false,
  "lambda_l1": 0.38645360063647205,
  "lambda_l2": 8.619931462575343e-6,
  "learning_rate": 0.04500593223013288,
  "num_leaves": 215,
  "feature_fraction": 0.5956469617409594,
  "bagging_fraction": 0.41995654251431597,
  "max_depth": 22,
  "min_child_samples": 36,
  "early_stopping_rounds": 152
}
