{"random_state": 42, "seed": 42, "objective": "binary", "metric": "auc", "verbosity": -1, "boosting_type": "gbdt", "n_jobs": 4, "feature_pre_filter": false, "lambda_l1": 0.001028085737883944, "lambda_l2": 1.585358888663829e-08, "learning_rate": 0.03724061843218567, "num_leaves": 143, "feature_fraction": 0.8652374970247909, "bagging_fraction": 0.4574863751182272, "max_depth": 88, "min_child_samples": 53}