{"random_state": 42, "seed": 42, "objective": "binary", "metric": "auc", "verbosity": -1, "boosting_type": "gbdt", "feature_pre_filter": false, "lambda_l1": 0.343759454373102, "lambda_l2": 9.562395669534974, "learning_rate": 0.09909514844553588, "num_leaves": 127, "feature_fraction": 0.8385358296159571, "bagging_fraction": 0.9926053396843459, "max_depth": 21, "early_stopping_rounds": 194}