{
  "random_state": 42,
  "seed": 42,
  "objective": "binary",
  "metric": "auc",
  "verbosity": -1,
  "boosting_type": "gbdt",
  "feature_pre_filter": false,
  "lambda_l1": 5.4562270662350895e-8,
  "lambda_l2": 1.3960325908086644e-5,
  "learning_rate": 0.010459825654468955,
  "num_leaves": 24,
  "feature_fraction": 0.8630865327772912,
  "bagging_fraction": 0.8591810310533852,
  "max_depth": 52,
  "min_child_samples": 24,
  "early_stopping_rounds": 177
}
