{"random_state": 42, "seed": 42, "objective": "binary", "metric": "average_precision", "verbosity": -1, "boosting_type": "gbdt", "feature_pre_filter": false, "lambda_l1": 2.549324596128614, "lambda_l2": 5.886365933437645, "learning_rate": 0.04281241059661248, "num_leaves": 109, "feature_fraction": 0.9080048414519606, "bagging_fraction": 0.8771663737338224, "max_depth": 10, "early_stopping_rounds": 126}