{"random_state": 42, "n_jobs": 4, "lambda": 0.46114446953543115, "alpha": 0.22990415092355831, "subsample": 0.3775902027189433, "colsample_bytree": 0.6430915982939432, "max_depth": 5, "min_child_weight": 8, "eta": 0.19166276306944913, "gamma": 9.527588745620849e-07, "grow_policy": "lossguide"}