{
  "random_state": 42,
  "n_jobs": 4,
  "booster": "gbtree",
  "lambda": 1.1278485038389203e-5,
  "alpha": 0.00022412417856887735,
  "subsample": 0.8649228016028717,
  "colsample_bytree": 0.5203827084649352,
  "max_depth": 7,
  "min_child_weight": 7,
  "eta": 0.06501136083918287,
  "gamma": 1.6395187718143278e-7,
  "grow_policy": "lossguide"
}
