{"random_state": 42, "n_jobs": 4, "lambda": 0.028351054636278534, "alpha": 0.0006449708351425813, "subsample": 0.9706688015912299, "colsample_bytree": 0.7807663255963773, "max_depth": 26, "min_child_weight": 3, "eta": 0.001968261919340932, "gamma": 0.7068402413469045, "grow_policy": "depthwise"}