{
  "random_state": 42,
  "n_jobs": 4,
  "booster": "gbtree",
  "lambda": 0.021651429958986352,
  "alpha": 9.206809531592461e-5,
  "subsample": 0.7962755332537348,
  "colsample_bytree": 0.35361614955574666,
  "max_depth": 3,
  "min_child_weight": 6,
  "eta": 0.9791982852015078,
  "gamma": 0.49875611514781826,
  "grow_policy": "lossguide"
}
