{"random_state": 42, "n_jobs": 4, "lambda": 0.001434605536597543, "alpha": 0.010621440898181433, "subsample": 0.648553940118586, "colsample_bytree": 0.7446764962666373, "max_depth": 8, "min_child_weight": 10, "eta": 0.14806962190095882, "gamma": 0.07124646090144399, "grow_policy": "depthwise"}