{"random_state": 42, "n_jobs": 4, "verbosity": 0, "objective": "binary:logistic", "tree_method": "exact", "booster": "gbtree", "eval_metric": "auc", "lambda": 0.00016037989078272936, "alpha": 1.0153560910366864e-08, "subsample": 0.7014617288306468, "colsample_bytree": 0.4620026696259235, "max_depth": 57, "min_child_weight": 19, "eta": 0.5033263786504621, "gamma": 2.2840526670736214e-06, "grow_policy": "depthwise"}